{"content":[],"settings":{"template":"default","system_colors":[{"_id":"primary","title":"Primary","color":"#0A1138"},{"_id":"secondary","title":"Secondary","color":"#54595F"},{"_id":"text","title":"Text","color":"#7A7A7A"},{"_id":"accent","title":"Accent","color":"#05197E"}],"custom_colors":[{"_id":"0d8f57f","title":"Teal","color":"#74D0C8"},{"_id":"42583f1","title":"Gray","color":"#F5F5F5"},{"_id":"ed468a4","title":"Black","color":"#000000"},{"_id":"21b2307","title":"White","color":"#FFFFFF"},{"_id":"d25152d","title":"Transparent","color":"#00000000"},{"_id":"bba5ad0","title":"Error","color":"#E44646"},{"_id":"5654d6d","title":"Success","color":"#DB9E43"}],"system_typography":[{"_id":"primary","title":"Primary","typography_typography":"custom","typography_font_family":"Montserrat","typography_font_weight":"600","typography_font_size":{"unit":"rem","size":1,"sizes":[]}},{"_id":"secondary","title":"Secondary","typography_typography":"custom","typography_font_family":"Montserrat","typography_font_weight":"400","typography_font_size":{"unit":"rem","size":1,"sizes":[]}},{"_id":"text","title":"Text","typography_typography":"custom","typography_font_family":"Montserrat","typography_font_weight":"400","typography_font_size":{"unit":"rem","size":1,"sizes":[]}},{"_id":"accent","title":"Accent","typography_typography":"custom","typography_font_family":"Montserrat","typography_font_weight":"500","typography_font_size":{"unit":"rem","size":1,"sizes":[]}}],"custom_typography":[],"default_generic_fonts":"Sans-serif","page_title_selector":"h1.entry-title","activeItemIndex":1,"viewport_md":768,"viewport_lg":992,"button_border_radius":{"unit":"px","top":"10","right":"10","bottom":"10","left":"10","isLinked":true},"button_padding":{"unit":"px","top":"10","right":"20","bottom":"10","left":"20","isLinked":false},"container_width":{"unit":"px","size":1440,"sizes":[]},"viewport_tablet":991,"__globals__":{"body_color":"globals\/colors?id=primary","body_typography_typography":"globals\/typography?id=text","link_normal_color":"globals\/colors?id=ed468a4","link_normal_typography_typography":"globals\/typography?id=accent","h1_color":"globals\/colors?id=ed468a4","h1_typography_typography":"globals\/typography?id=primary","h2_typography_typography":"globals\/typography?id=primary","h3_typography_typography":"globals\/typography?id=primary","h4_typography_typography":"globals\/typography?id=secondary","h5_typography_typography":"globals\/typography?id=secondary","h6_typography_typography":"globals\/typography?id=secondary","h2_color":"globals\/colors?id=ed468a4","h3_color":"globals\/colors?id=ed468a4","h4_color":"globals\/colors?id=ed468a4","h5_color":"globals\/colors?id=ed468a4","h6_color":"globals\/colors?id=ed468a4","button_text_color":"globals\/colors?id=21b2307","button_background_color":"globals\/colors?id=primary","button_hover_text_color":"globals\/colors?id=21b2307","button_hover_background_color":"globals\/colors?id=accent","button_typography_typography":"globals\/typography?id=accent","form_label_color":"globals\/colors?id=ed468a4","form_label_typography_typography":"globals\/typography?id=accent","form_field_typography_typography":"globals\/typography?id=text","form_field_text_color":"globals\/colors?id=ed468a4"}},"metadata":[]}